{"stats":{"minecraft:picked_up":{"minecraft:sand":8,"minecraft:coarse_dirt":2},"minecraft:dropped":{"minecraft:sand":4},"minecraft:custom":{"minecraft:jump":35,"minecraft:time_since_rest":5262,"minecraft:sprint_one_cm":2348,"minecraft:play_time":5262,"minecraft:damage_taken":150,"minecraft:time_since_death":5262,"minecraft:walk_one_cm":3045,"minecraft:total_world_time":5262,"minecraft:drop":1,"minecraft:fall_one_cm":2611,"minecraft:fly_one_cm":8959},"minecraft:used":{"minecraft:sand":4,"minecraft:coarse_dirt":2},"minecraft:mined":{"minecraft:coarse_dirt":2,"minecraft:sand":8}},"DataVersion":3465}